,home_team_name,season_home,home_team_goal,home_points,home_y1,home_y2,home_shoton,home_shotoff,home_poss,home_fouls,home_corners,home_r,away_team_goal,away_points,away_y1,away_y2,away_shoton,away_shotoff,away_poss,away_fouls,away_corners,away_r,avg_total_goals,avg_goals_conceded_home,avg_goals_conceded_away,avg_total_goals_conceded,target_variable
0,Arsenal,2008/2009,1.631578947368421,2.0,1.3157894736842106,0.05263157894736842,8.263157894736842,8.578947368421053,57.49561403508771,11.105263157894736,8.0,0.0,1.8333333333333333,1.7222222222222223,1.8888888888888888,0.05555555555555555,5.388888888888889,6.944444444444445,52.90740740740741,12.722222222222221,6.055555555555555,0.05555555555555555,1.7324561403508771,0.8421052631578947,1.1666666666666667,1.0043859649122808,1.7248908296943228
1,Arsenal,2009/2010,2.526315789473684,2.473684210526316,1.2105263157894737,0.0,8.263157894736842,7.105263157894737,57.93157894736842,10.526315789473685,6.631578947368421,0.05263157894736842,1.8421052631578947,1.4736842105263157,1.5789473684210527,0.0,6.526315789473684,6.105263157894737,53.69736842105263,11.894736842105264,6.631578947368421,0.0,2.1842105263157894,0.7894736842105263,1.368421052631579,1.0789473684210527,2.024390243902439
2,Arsenal,2010/2011,1.736842105263158,1.9473684210526316,1.631578947368421,0.0,9.894736842105264,7.526315789473684,56.823684210526324,11.526315789473685,7.2631578947368425,0.15789473684210525,2.0526315789473686,1.631578947368421,1.9473684210526316,0.10526315789473684,6.7894736842105265,6.473684210526316,52.87894736842105,10.894736842105264,5.894736842105263,0.05263157894736842,1.8947368421052633,0.7894736842105263,1.4736842105263157,1.131578947368421,1.6744186046511629
3,Arsenal,2011/2012,2.0526315789473686,2.1052631578947367,1.7894736842105263,0.05263157894736842,7.631578947368421,8.31578947368421,56.98245614035087,10.421052631578947,8.210526315789474,0.0,1.8421052631578947,1.5789473684210527,1.5789473684210527,0.10526315789473684,7.2631578947368425,5.7894736842105265,53.511403508771934,10.473684210526315,5.421052631578948,0.05263157894736842,1.9473684210526316,0.8947368421052632,1.6842105263157894,1.2894736842105263,1.5102040816326532
4,Arsenal,2012/2013,2.473684210526316,2.0,1.0526315789473684,0.0,7.842105263157895,7.7368421052631575,54.31052631578947,9.578947368421053,7.526315789473684,0.05263157894736842,1.3157894736842106,1.8421052631578947,1.263157894736842,0.10526315789473684,6.157894736842105,5.894736842105263,54.74122807017543,8.578947368421053,5.7894736842105265,0.10526315789473684,1.8947368421052633,1.2105263157894737,0.7368421052631579,0.9736842105263157,1.9459459459459463
5,Arsenal,2013/2014,1.894736842105263,2.3157894736842106,1.105263157894737,0.05263157894736842,7.052631578947368,5.526315789473684,58.61228070175438,9.947368421052632,6.684210526315789,0.0,1.6842105263157894,1.8421052631578947,1.6842105263157894,0.0,6.105263157894737,4.684210526315789,55.903508771929815,8.263157894736842,4.368421052631579,0.15789473684210525,1.789473684210526,0.5789473684210527,1.5789473684210527,1.0789473684210527,1.6585365853658534
6,Arsenal,2014/2015,2.1578947368421053,2.1578947368421053,1.4210526315789473,0.0,9.368421052631579,6.894736842105263,60.45175438596491,9.157894736842104,8.105263157894736,0.05263157894736842,1.5789473684210527,1.7894736842105263,2.210526315789474,0.05263157894736842,7.0,4.894736842105263,52.385964912280706,10.578947368421053,5.2631578947368425,0.0,1.868421052631579,0.7368421052631579,1.1578947368421053,0.9473684210526316,1.972222222222222
7,Arsenal,2015/2016,1.631578947368421,2.1052631578947367,1.0526315789473684,0.0,8.157894736842104,7.368421052631579,61.60883348722683,8.894736842105264,7.052631578947368,0.05263157894736842,1.7894736842105263,1.631578947368421,1.1578947368421053,0.10526315789473684,6.894736842105263,4.421052631578948,56.27202216066481,9.473684210526315,4.894736842105263,0.05263157894736842,1.7105263157894737,0.5789473684210527,1.3157894736842106,0.9473684210526316,1.8055555555555554
8,Aston Villa,2008/2009,1.4210526315789473,1.5789473684210527,0.8421052631578947,0.0,6.368421052631579,6.842105263157895,52.37719298245614,10.421052631578947,7.7894736842105265,0.0,1.4210526315789473,1.6842105263157894,1.9473684210526316,0.0,3.9473684210526314,4.578947368421052,48.646491228070175,12.68421052631579,5.947368421052632,0.05263157894736842,1.4210526315789473,1.105263157894737,1.4210526315789473,1.263157894736842,1.125
9,Aston Villa,2009/2010,1.5263157894736843,1.6842105263157894,1.2105263157894737,0.0,5.052631578947368,7.157894736842105,51.51754385964912,11.526315789473685,7.052631578947368,0.0,1.1666666666666667,1.6111111111111112,1.8888888888888888,0.1111111111111111,4.777777777777778,4.722222222222222,48.611111111111114,11.944444444444445,5.333333333333333,0.0,1.3464912280701755,0.8421052631578947,1.2777777777777777,1.0599415204678362,1.270344827586207
10,Aston Villa,2010/2011,1.368421052631579,1.631578947368421,1.8421052631578947,0.0,6.105263157894737,5.894736842105263,50.041228070175436,10.789473684210526,6.631578947368421,0.05263157894736842,1.1578947368421053,0.8947368421052632,1.894736842105263,0.0,5.368421052631579,5.526315789473684,48.35087719298245,11.68421052631579,5.842105263157895,0.05263157894736842,1.263157894736842,1.0,2.1052631578947367,1.5526315789473684,0.8135593220338982
11,Aston Villa,2011/2012,1.0526315789473684,1.0,1.3157894736842106,0.05263157894736842,5.315789473684211,6.421052631578948,47.82017543859649,9.157894736842104,6.7368421052631575,0.05263157894736842,0.8947368421052632,1.0,2.3684210526315788,0.0,4.421052631578948,4.947368421052632,45.96929824561404,10.736842105263158,4.7368421052631575,0.0,0.9736842105263157,1.3157894736842106,1.4736842105263157,1.3947368421052633,0.6981132075471697
12,Aston Villa,2012/2013,1.2105263157894737,1.0526315789473684,1.6842105263157894,0.10526315789473684,5.421052631578948,5.842105263157895,47.776315789473685,10.526315789473685,5.7368421052631575,0.05263157894736842,1.263157894736842,1.105263157894737,2.210526315789474,0.0,4.421052631578948,5.0,46.506140350877196,11.526315789473685,3.4210526315789473,0.0,1.236842105263158,1.4736842105263157,2.1578947368421053,1.8157894736842106,0.6811594202898551
13,Aston Villa,2013/2014,1.1578947368421053,1.105263157894737,1.8421052631578947,0.0,5.105263157894737,5.684210526315789,44.757894736842104,11.473684210526315,4.947368421052632,0.0,0.8947368421052632,0.8947368421052632,2.263157894736842,0.0,4.105263157894737,4.894736842105263,42.89912280701755,12.842105263157896,3.6315789473684212,0.0,1.0263157894736843,1.5263157894736843,1.6842105263157894,1.6052631578947367,0.639344262295082
14,Aston Villa,2014/2015,0.9473684210526315,1.105263157894737,1.5263157894736843,0.05263157894736842,5.0,5.631578947368421,50.75,10.31578947368421,4.684210526315789,0.15789473684210525,0.6842105263157895,0.8947368421052632,2.3157894736842106,0.10526315789473684,4.684210526315789,4.947368421052632,49.84649122807018,11.0,4.315789473684211,0.05263157894736842,0.8157894736842105,1.3157894736842106,1.6842105263157894,1.5,0.543859649122807
15,Aston Villa,2015/2016,0.7368421052631579,0.5789473684210527,1.894736842105263,0.05263157894736842,5.421052631578948,5.2631578947368425,49.10609857978279,10.31578947368421,4.947368421052632,0.0,0.6842105263157895,0.3157894736842105,2.0,0.0,4.105263157894737,4.052631578947368,43.315435518621115,12.31578947368421,3.8421052631578947,0.10526315789473684,0.7105263157894737,1.8421052631578947,2.1578947368421053,2.0,0.35526315789473684
16,Birmingham City,2009/2010,1.0,1.736842105263158,1.894736842105263,0.05263157894736842,5.684210526315789,4.894736842105263,49.767543859649116,9.68421052631579,5.2631578947368425,0.0,1.0,0.8947368421052632,1.8421052631578947,0.0,5.105263157894737,3.8421052631578947,45.723684210526315,10.31578947368421,4.421052631578948,0.0,1.0,0.6842105263157895,1.7894736842105263,1.236842105263158,0.8085106382978723
17,Birmingham City,2010/2011,1.0,1.368421052631579,1.263157894736842,0.05263157894736842,3.8421052631578947,6.2631578947368425,50.50438596491228,9.894736842105264,4.578947368421052,0.05263157894736842,0.9473684210526315,0.6842105263157895,1.7894736842105263,0.0,3.3684210526315788,3.8421052631578947,45.76578947368421,10.105263157894736,3.263157894736842,0.05263157894736842,0.9736842105263157,1.1578947368421053,1.894736842105263,1.526315789473684,0.6379310344827587
18,Blackburn Rovers,2008/2009,1.2222222222222223,1.3888888888888888,1.6111111111111112,0.0,5.555555555555555,5.277777777777778,49.300925925925924,12.833333333333334,4.888888888888889,0.05555555555555555,0.9473684210526315,0.8421052631578947,2.4210526315789473,0.15789473684210525,5.7894736842105265,5.315789473684211,46.59122807017544,14.0,5.421052631578948,0.0,1.0847953216374269,1.0555555555555556,1.9473684210526316,1.5014619883040936,0.7224926971762414
19,Blackburn Rovers,2009/2010,1.4736842105263157,1.894736842105263,1.3157894736842106,0.05263157894736842,5.578947368421052,5.105263157894737,50.81578947368421,13.473684210526315,5.052631578947368,0.0,0.6842105263157895,0.7368421052631579,1.4210526315789473,0.05263157894736842,4.947368421052632,4.7368421052631575,47.46052631578947,12.736842105263158,4.421052631578948,0.0,1.0789473684210527,0.9473684210526315,1.9473684210526316,1.4473684210526316,0.7454545454545455
20,Blackburn Rovers,2010/2011,1.1578947368421053,1.4736842105263157,1.3157894736842106,0.0,5.631578947368421,6.2105263157894735,47.18421052631579,11.842105263157896,4.421052631578948,0.05263157894736842,1.263157894736842,0.7894736842105263,2.1578947368421053,0.05263157894736842,4.368421052631579,3.8421052631578947,42.791478696741855,11.578947368421053,4.526315789473684,0.15789473684210525,1.2105263157894737,0.8421052631578947,2.263157894736842,1.5526315789473684,0.7796610169491526
21,Blackburn Rovers,2011/2012,1.368421052631579,1.0,2.0526315789473686,0.0,6.105263157894737,6.2631578947368425,48.00526315789474,10.842105263157896,5.473684210526316,0.05263157894736842,1.1578947368421053,0.631578947368421,1.4736842105263157,0.10526315789473684,4.2105263157894735,4.052631578947368,43.299749373433585,11.263157894736842,3.263157894736842,0.10526315789473684,1.263157894736842,1.736842105263158,2.3684210526315788,2.052631578947368,0.6153846153846154
22,Blackpool,2010/2011,1.5789473684210527,1.0526315789473684,1.1578947368421053,0.0,5.368421052631579,7.315789473684211,50.679323308270675,11.157894736842104,4.7368421052631575,0.0,1.3157894736842106,1.0,1.3157894736842106,0.0,4.473684210526316,5.2631578947368425,45.734848484848484,9.842105263157896,4.578947368421052,0.10526315789473684,1.4473684210526316,1.9473684210526316,2.1578947368421053,2.0526315789473686,0.7051282051282051
23,Bolton Wanderers,2008/2009,1.105263157894737,1.368421052631579,1.1578947368421053,0.0,6.7894736842105265,5.947368421052632,48.10526315789474,13.947368421052632,5.7368421052631575,0.0,1.0526315789473684,0.7894736842105263,2.0526315789473686,0.05263157894736842,3.6842105263157894,5.473684210526316,43.857017543859655,13.0,4.473684210526316,0.0,1.0789473684210527,1.105263157894737,1.6842105263157894,1.3947368421052633,0.7735849056603773
24,Bolton Wanderers,2009/2010,1.368421052631579,1.263157894736842,1.631578947368421,0.05263157894736842,6.315789473684211,6.105263157894737,46.94736842105263,12.105263157894736,5.473684210526316,0.05263157894736842,0.8421052631578947,0.7894736842105263,2.1052631578947367,0.10526315789473684,5.473684210526316,6.105263157894737,45.62719298245614,14.210526315789474,4.473684210526316,0.05263157894736842,1.1052631578947367,1.631578947368421,1.894736842105263,1.763157894736842,0.626865671641791
25,Bolton Wanderers,2010/2011,1.7894736842105263,1.8421052631578947,1.631578947368421,0.10526315789473684,6.421052631578948,7.052631578947368,50.050877192982455,12.421052631578947,5.157894736842105,0.10526315789473684,0.9473684210526315,0.5789473684210527,2.0,0.0,6.052631578947368,6.684210526315789,47.54824561403509,13.052631578947368,5.684210526315789,0.05263157894736842,1.368421052631579,1.263157894736842,1.6842105263157894,1.4736842105263157,0.9285714285714286
26,Bolton Wanderers,2011/2012,1.2105263157894737,0.8421052631578947,1.1578947368421053,0.0,5.894736842105263,5.105263157894737,47.05789473684211,11.526315789473685,5.7894736842105265,0.10526315789473684,1.2105263157894737,1.0526315789473684,1.368421052631579,0.05263157894736842,5.894736842105263,5.105263157894737,45.38157894736842,10.368421052631579,5.105263157894737,0.10526315789473684,1.2105263157894737,2.0526315789473686,2.0,2.026315789473684,0.5974025974025975
27,Bournemouth,2015/2016,1.2105263157894737,1.0526315789473684,1.3157894736842106,0.0,6.842105263157895,4.947368421052632,52.13776546629733,9.157894736842104,6.7894736842105265,0.0,1.1578947368421053,1.1578947368421053,1.4736842105263157,0.0,5.157894736842105,5.2631578947368425,49.13274853801169,9.789473684210526,4.842105263157895,0.05263157894736842,1.1842105263157894,1.7894736842105263,1.736842105263158,1.763157894736842,0.6716417910447761
28,Burnley,2009/2010,1.3157894736842106,1.368421052631579,1.0,0.0,5.052631578947368,5.421052631578948,48.90350877192982,10.157894736842104,5.315789473684211,0.0,0.8947368421052632,0.21052631578947367,1.894736842105263,0.05263157894736842,5.052631578947368,4.052631578947368,44.81578947368421,10.31578947368421,4.0,0.05263157894736842,1.105263157894737,1.5789473684210527,2.736842105263158,2.1578947368421053,0.5121951219512195
29,Burnley,2014/2015,0.7368421052631579,1.0,1.736842105263158,0.0,5.421052631578948,4.631578947368421,44.719298245614034,10.894736842105264,4.684210526315789,0.0,0.7368421052631579,0.7368421052631579,1.6842105263157894,0.05263157894736842,4.315789473684211,5.157894736842105,39.98245614035088,10.210526315789474,4.315789473684211,0.05263157894736842,0.7368421052631579,1.105263157894737,1.6842105263157894,1.3947368421052633,0.5283018867924527
30,Cardiff City,2013/2014,1.0526315789473684,1.0526315789473684,1.3157894736842106,0.0,5.2631578947368425,5.578947368421052,46.70263157894736,8.368421052631579,5.7894736842105265,0.0,0.631578947368421,0.5263157894736842,1.263157894736842,0.0,4.7894736842105265,4.2631578947368425,41.70087719298245,8.736842105263158,4.473684210526316,0.05263157894736842,0.8421052631578947,1.8421052631578947,2.0526315789473686,1.9473684210526316,0.4324324324324324
31,Chelsea,2008/2009,1.736842105263158,2.0526315789473686,0.9473684210526315,0.0,10.736842105263158,10.421052631578947,57.6578947368421,10.736842105263158,6.7894736842105265,0.0,1.7777777777777777,2.2777777777777777,1.6666666666666667,0.0,8.11111111111111,6.444444444444445,55.199074074074076,11.88888888888889,5.555555555555555,0.16666666666666666,1.7573099415204678,0.631578947368421,0.6666666666666666,0.6491228070175439,2.7072072072072073
32,Chelsea,2009/2010,3.5789473684210527,2.736842105263158,0.8421052631578947,0.05263157894736842,10.210526315789474,9.263157894736842,56.77543859649123,10.578947368421053,7.2105263157894735,0.05263157894736842,1.8421052631578947,1.7894736842105263,1.9473684210526316,0.10526315789473684,7.947368421052632,7.684210526315789,53.078947368421055,11.736842105263158,7.368421052631579,0.05263157894736842,2.7105263157894735,0.7368421052631579,0.9473684210526315,0.8421052631578947,3.21875
33,Chelsea,2010/2011,2.0526315789473686,2.3684210526315788,1.4210526315789473,0.0,7.631578947368421,9.105263157894736,56.18421052631579,9.842105263157896,7.157894736842105,0.05263157894736842,1.5789473684210527,1.368421052631579,1.6842105263157894,0.0,8.526315789473685,8.526315789473685,53.536842105263155,11.052631578947368,6.2631578947368425,0.0,1.8157894736842106,0.6842105263157895,1.0526315789473684,0.868421052631579,2.090909090909091
34,Chelsea,2011/2012,2.1578947368421053,2.0526315789473686,1.631578947368421,0.0,7.473684210526316,9.368421052631579,57.488596491228066,9.947368421052632,6.7894736842105265,0.05263157894736842,1.263157894736842,1.3157894736842106,2.3157894736842106,0.05263157894736842,5.7894736842105265,7.7368421052631575,51.956015037593986,10.0,6.368421052631579,0.10526315789473684,1.7105263157894737,1.263157894736842,1.1578947368421053,1.2105263157894737,1.4130434782608696
35,Chelsea,2012/2013,2.1578947368421053,2.1578947368421053,1.0,0.05263157894736842,8.578947368421053,8.263157894736842,54.886842105263156,9.421052631578947,7.0,0.05263157894736842,1.7894736842105263,1.7894736842105263,1.7894736842105263,0.05263157894736842,5.894736842105263,5.052631578947368,52.23684210526316,10.578947368421053,5.578947368421052,0.0,1.973684210526316,0.8421052631578947,1.2105263157894737,1.026315789473684,1.9230769230769236
36,Chelsea,2013/2014,2.263157894736842,2.526315789473684,1.1578947368421053,0.0,9.421052631578947,8.578947368421053,58.811403508771924,11.894736842105264,6.894736842105263,0.0,1.4736842105263157,1.7894736842105263,1.9473684210526316,0.10526315789473684,7.7894736842105265,7.105263157894737,52.77368421052632,10.421052631578947,6.157894736842105,0.05263157894736842,1.8684210526315788,0.5789473684210527,0.8421052631578947,0.7105263157894737,2.6296296296296293
37,Chelsea,2014/2015,1.894736842105263,2.5789473684210527,1.6842105263157894,0.0,7.947368421052632,6.631578947368421,56.386842105263156,10.578947368421053,7.052631578947368,0.05263157894736842,1.9473684210526316,2.0,2.210526315789474,0.05263157894736842,6.157894736842105,5.157894736842105,55.00438596491229,9.68421052631579,4.842105263157895,0.10526315789473684,1.9210526315789473,0.47368421052631576,1.2105263157894737,0.8421052631578947,2.28125
38,Chelsea,2015/2016,1.6842105263157894,1.263157894736842,1.4210526315789473,0.0,8.789473684210526,6.421052631578948,54.890350877192986,10.68421052631579,6.684210526315789,0.10526315789473684,1.4210526315789473,1.368421052631579,1.736842105263158,0.10526315789473684,5.631578947368421,5.473684210526316,55.10701754385965,10.473684210526315,5.947368421052632,0.05263157894736842,1.5526315789473684,1.5789473684210527,1.2105263157894737,1.3947368421052633,1.1132075471698113
39,Crystal Palace,2013/2014,0.9473684210526315,1.4210526315789473,1.263157894736842,0.0,4.7368421052631575,5.2631578947368425,38.002631578947366,10.157894736842104,5.052631578947368,0.0,0.7894736842105263,0.9473684210526315,1.8421052631578947,0.0,4.631578947368421,4.7368421052631575,33.22543859649123,10.263157894736842,4.0,0.10526315789473684,0.868421052631579,1.2105263157894737,1.3157894736842106,1.263157894736842,0.6875000000000001
40,Crystal Palace,2014/2015,1.105263157894737,1.105263157894737,1.4736842105263157,0.10526315789473684,6.105263157894737,4.894736842105263,43.60087719298245,13.842105263157896,6.105263157894737,0.0,1.368421052631579,1.4210526315789473,2.0,0.10526315789473684,4.526315789473684,4.2631578947368425,35.41666666666667,13.421052631578947,4.894736842105263,0.0,1.236842105263158,1.4210526315789473,1.263157894736842,1.3421052631578947,0.9215686274509804
41,Crystal Palace,2015/2016,1.0,1.105263157894737,1.736842105263158,0.05263157894736842,7.2631578947368425,5.631578947368421,48.10626346568175,11.526315789473685,6.631578947368421,0.05263157894736842,1.0526315789473684,1.105263157894737,1.4736842105263157,0.0,4.684210526315789,4.421052631578948,42.05957217605417,13.210526315789474,4.894736842105263,0.0,1.026315789473684,1.2105263157894737,1.4736842105263157,1.3421052631578947,0.7647058823529411
42,Everton,2008/2009,1.631578947368421,1.5789473684210527,1.2105263157894737,0.0,5.684210526315789,6.105263157894737,53.20175438596491,12.526315789473685,5.578947368421052,0.05263157894736842,1.263157894736842,1.736842105263158,1.368421052631579,0.0,5.052631578947368,5.052631578947368,49.74649122807018,13.157894736842104,4.526315789473684,0.0,1.4473684210526314,1.0526315789473684,0.8947368421052632,0.9736842105263157,1.4864864864864864
43,Everton,2009/2010,1.8421052631578947,2.0526315789473686,0.7368421052631579,0.0,7.2105263157894735,6.947368421052632,53.280701754385966,9.578947368421053,5.894736842105263,0.05263157894736842,1.3157894736842106,1.1578947368421053,1.6842105263157894,0.05263157894736842,6.157894736842105,4.105263157894737,49.223684210526315,13.368421052631579,5.2105263157894735,0.0,1.5789473684210527,1.105263157894737,1.4736842105263157,1.2894736842105263,1.2244897959183674
44,Everton,2010/2011,1.631578947368421,1.7894736842105263,1.5263157894736843,0.05263157894736842,7.842105263157895,7.157894736842105,54.56578947368421,11.68421052631579,7.2631578947368425,0.10526315789473684,1.0526315789473684,1.0526315789473684,1.5263157894736843,0.05263157894736842,5.894736842105263,5.684210526315789,50.60175438596492,12.368421052631579,5.631578947368421,0.05263157894736842,1.3421052631578947,1.2105263157894737,1.1578947368421053,1.1842105263157894,1.1333333333333333
45,Everton,2011/2012,1.4736842105263157,1.736842105263158,1.1578947368421053,0.0,7.105263157894737,6.315789473684211,50.459649122807015,11.421052631578947,5.2105263157894735,0.10526315789473684,1.1578947368421053,1.2105263157894737,1.894736842105263,0.0,5.052631578947368,5.7368421052631575,47.07368421052631,12.052631578947368,4.105263157894737,0.0,1.3157894736842106,0.7894736842105263,1.3157894736842106,1.0526315789473686,1.25
46,Everton,2012/2013,1.736842105263158,2.210526315789474,1.5789473684210527,0.0,7.473684210526316,7.894736842105263,56.51052631578948,10.789473684210526,7.631578947368421,0.05263157894736842,1.1578947368421053,1.105263157894737,1.631578947368421,0.05263157894736842,7.157894736842105,6.052631578947368,50.652631578947364,10.263157894736842,5.947368421052632,0.05263157894736842,1.4473684210526316,0.8947368421052632,1.2105263157894737,1.0526315789473684,1.3750000000000002
47,Everton,2013/2014,2.0,2.210526315789474,1.4210526315789473,0.0,8.105263157894736,6.157894736842105,55.863157894736844,8.31578947368421,7.526315789473684,0.05263157894736842,1.2105263157894737,1.5789473684210527,1.4736842105263157,0.0,6.2631578947368425,5.578947368421052,55.676315789473676,9.894736842105264,5.631578947368421,0.0,1.6052631578947367,1.0,1.0526315789473684,1.026315789473684,1.564102564102564
48,Everton,2014/2015,1.4210526315789473,1.4736842105263157,1.4210526315789473,0.0,6.947368421052632,4.894736842105263,57.21929824561403,9.842105263157896,5.578947368421052,0.0,1.105263157894737,1.0,2.1578947368421053,0.10526315789473684,5.7368421052631575,4.157894736842105,53.12719298245614,10.631578947368421,4.684210526315789,0.0,1.263157894736842,1.105263157894737,1.5263157894736843,1.3157894736842106,0.9599999999999999
49,Everton,2015/2016,1.8421052631578947,1.2105263157894737,1.263157894736842,0.05263157894736842,7.2631578947368425,5.894736842105263,54.859556786703614,7.578947368421052,6.526315789473684,0.0,1.263157894736842,1.263157894736842,1.2105263157894737,0.10526315789473684,5.7368421052631575,4.2105263157894735,51.48488765774084,8.894736842105264,4.947368421052632,0.10526315789473684,1.5526315789473684,1.5789473684210527,1.3157894736842106,1.4473684210526316,1.0727272727272728
50,Fulham,2008/2009,1.4736842105263157,1.894736842105263,1.263157894736842,0.05263157894736842,7.0,5.947368421052632,50.5640350877193,11.578947368421053,6.105263157894737,0.0,0.5789473684210527,0.8947368421052632,0.8947368421052632,0.0,4.947368421052632,5.894736842105263,49.85350877192982,11.578947368421053,3.9473684210526314,0.0,1.026315789473684,0.8421052631578947,0.9473684210526315,0.894736842105263,1.1470588235294117
51,Fulham,2009/2010,1.5,2.0,0.7777777777777778,0.0,5.5,5.888888888888889,50.611111111111114,9.666666666666666,4.888888888888889,0.0,0.631578947368421,0.5263157894736842,1.5263157894736843,0.0,4.105263157894737,3.8947368421052633,46.800877192982455,11.157894736842104,4.2105263157894735,0.05263157894736842,1.0657894736842106,0.7222222222222222,1.631578947368421,1.1769005847953216,0.9055900621118014
52,Fulham,2010/2011,1.5789473684210527,1.631578947368421,1.4736842105263157,0.0,7.368421052631579,6.315789473684211,50.09473684210526,11.631578947368421,5.7368421052631575,0.05263157894736842,1.0,0.9473684210526315,1.263157894736842,0.0,5.315789473684211,5.7894736842105265,47.18483709273183,12.526315789473685,4.315789473684211,0.0,1.2894736842105263,1.2105263157894737,1.0526315789473684,1.131578947368421,1.1395348837209303
53,Fulham,2011/2012,1.894736842105263,1.8421052631578947,1.0526315789473684,0.0,8.0,6.421052631578948,50.374686716791985,8.368421052631579,5.7368421052631575,0.0,0.631578947368421,0.8947368421052632,1.6842105263157894,0.0,5.2631578947368425,4.578947368421052,47.464035087719296,10.842105263157896,4.157894736842105,0.0,1.263157894736842,1.368421052631579,1.3157894736842106,1.3421052631578947,0.9411764705882353
54,Fulham,2012/2013,1.4736842105263157,1.263157894736842,1.105263157894737,0.0,6.105263157894737,6.578947368421052,50.23508771929825,9.789473684210526,5.0,0.15789473684210525,1.1578947368421053,1.0,1.4736842105263157,0.0,3.789473684210526,4.473684210526316,47.117543859649125,9.947368421052632,4.368421052631579,0.0,1.3157894736842106,1.5789473684210527,1.5789473684210527,1.5789473684210527,0.8333333333333334
55,Fulham,2013/2014,1.263157894736842,0.9473684210526315,1.6842105263157894,0.0,5.947368421052632,6.2105263157894735,47.689473684210526,9.526315789473685,6.421052631578948,0.0,0.8421052631578947,0.7368421052631579,1.368421052631579,0.0,3.6315789473684212,3.210526315789474,40.96842105263158,9.947368421052632,3.6315789473684212,0.05263157894736842,1.0526315789473684,2.0,2.473684210526316,2.236842105263158,0.4705882352941176
56,Hull City,2008/2009,1.0,0.7777777777777778,1.6111111111111112,0.05555555555555555,4.555555555555555,6.222222222222222,51.01851851851851,14.5,5.5,0.1111111111111111,1.105263157894737,1.105263157894737,2.263157894736842,0.0,4.368421052631579,6.2631578947368425,43.81578947368421,15.421052631578947,4.315789473684211,0.0,1.0526315789473686,1.8333333333333333,1.4736842105263157,1.6535087719298245,0.6366047745358091
57,Hull City,2009/2010,1.1578947368421053,1.263157894736842,1.263157894736842,0.05263157894736842,4.578947368421052,4.684210526315789,48.4078947368421,13.210526315789474,4.894736842105263,0.10526315789473684,0.631578947368421,0.3157894736842105,1.8421052631578947,0.10526315789473684,2.9473684210526314,4.0,45.09649122807018,12.473684210526315,2.9473684210526314,0.0,0.8947368421052632,1.5263157894736843,2.4210526315789473,1.973684210526316,0.4533333333333333
58,Hull City,2013/2014,1.0526315789473684,1.3157894736842106,1.3157894736842106,0.0,5.421052631578948,6.2631578947368425,45.521929824561404,10.789473684210526,5.0,0.05263157894736842,0.9473684210526315,0.631578947368421,1.5263157894736843,0.05263157894736842,3.8947368421052633,4.157894736842105,42.458771929824564,10.789473684210526,3.3684210526315788,0.10526315789473684,1.0,1.105263157894737,1.6842105263157894,1.3947368421052633,0.7169811320754716
59,Hull City,2014/2015,1.0,1.0526315789473684,1.5263157894736843,0.0,6.2105263157894735,5.2631578947368425,44.46842105263158,12.0,4.7894736842105265,0.15789473684210525,0.7368421052631579,0.7894736842105263,2.3684210526315788,0.05263157894736842,3.8421052631578947,4.578947368421052,42.473684210526315,11.631578947368421,4.105263157894737,0.10526315789473684,0.868421052631579,1.263157894736842,1.4210526315789473,1.3421052631578947,0.6470588235294118
60,Leicester City,2014/2015,1.4736842105263157,1.368421052631579,1.0526315789473684,0.0,5.894736842105263,6.947368421052632,44.06140350877193,11.736842105263158,6.315789473684211,0.10526315789473684,0.9473684210526315,0.7894736842105263,1.5789473684210527,0.05263157894736842,3.6842105263157894,4.105263157894737,41.13947368421052,12.473684210526315,4.7894736842105265,0.05263157894736842,1.2105263157894737,1.1578947368421053,1.736842105263158,1.4473684210526316,0.8363636363636363
61,Leicester City,2015/2016,1.8421052631578947,2.210526315789474,0.9473684210526315,0.05263157894736842,6.157894736842105,6.368421052631579,45.14778393351801,9.526315789473685,4.7894736842105265,0.0,1.736842105263158,2.0526315789473686,1.736842105263158,0.10526315789473684,5.2105263157894735,5.578947368421052,40.65998768851954,11.894736842105264,5.578947368421052,0.0,1.7894736842105263,0.9473684210526315,0.9473684210526315,0.9473684210526315,1.888888888888889
62,Liverpool,2008/2009,2.1578947368421053,2.263157894736842,1.0526315789473684,0.0,8.842105263157896,10.263157894736842,55.376315789473686,10.473684210526315,8.736842105263158,0.0,1.894736842105263,2.263157894736842,1.5789473684210527,0.0,6.368421052631579,6.7894736842105265,52.75175438596491,12.736842105263158,5.105263157894737,0.0,2.026315789473684,0.6842105263157895,0.7368421052631579,0.7105263157894737,2.8518518518518516
63,Liverpool,2009/2010,2.263157894736842,2.210526315789474,1.1578947368421053,0.05263157894736842,8.31578947368421,7.7894736842105265,55.06140350877193,9.789473684210526,8.210526315789474,0.05263157894736842,0.9473684210526315,1.105263157894737,1.7894736842105263,0.0,5.894736842105263,5.578947368421052,51.50438596491228,12.210526315789474,5.842105263157895,0.15789473684210525,1.6052631578947367,0.7894736842105263,1.0526315789473684,0.9210526315789473,1.7428571428571429
64,Liverpool,2010/2011,1.9473684210526316,2.1052631578947367,1.2105263157894737,0.0,7.315789473684211,7.0,53.35099111414901,11.473684210526315,6.473684210526316,0.05263157894736842,1.1578947368421053,0.9473684210526315,2.1578947368421053,0.05263157894736842,6.0,5.7894736842105265,49.57543859649123,11.526315789473685,4.7368421052631575,0.0,1.5526315789473686,0.7368421052631579,1.5789473684210527,1.1578947368421053,1.340909090909091
65,Liverpool,2011/2012,1.263157894736842,1.4210526315789473,1.2105263157894737,0.0,8.368421052631579,10.0,54.55263157894737,10.210526315789474,9.052631578947368,0.0,1.2105263157894737,1.3157894736842106,1.736842105263158,0.10526315789473684,7.315789473684211,6.2631578947368425,53.53508771929825,10.105263157894736,7.157894736842105,0.15789473684210525,1.236842105263158,0.8421052631578947,1.263157894736842,1.0526315789473684,1.175
66,Liverpool,2012/2013,1.736842105263158,1.736842105263158,1.0,0.0,9.421052631578947,9.947368421052632,55.199122807017545,9.631578947368421,8.368421052631579,0.05263157894736842,2.0,1.4736842105263157,1.8421052631578947,0.0,7.368421052631579,6.2631578947368425,51.60526315789474,10.578947368421053,6.526315789473684,0.05263157894736842,1.868421052631579,0.8421052631578947,1.4210526315789473,1.131578947368421,1.6511627906976745
67,Liverpool,2013/2014,2.789473684210526,2.5789473684210527,0.7894736842105263,0.0,8.842105263157896,8.052631578947368,57.814912280701755,10.578947368421053,6.157894736842105,0.05263157894736842,2.526315789473684,1.8421052631578947,2.0,0.0,5.947368421052632,6.0,54.01052631578948,10.631578947368421,5.526315789473684,0.0,2.6578947368421053,0.9473684210526315,1.6842105263157894,1.3157894736842104,2.02
68,Liverpool,2014/2015,1.5789473684210527,1.8421052631578947,1.5789473684210527,0.05263157894736842,8.526315789473685,7.0,56.320175438596486,10.052631578947368,5.842105263157895,0.05263157894736842,1.1578947368421053,1.4210526315789473,2.0,0.05263157894736842,6.894736842105263,5.7368421052631575,53.81315789473685,10.526315789473685,4.578947368421052,0.0,1.368421052631579,1.0526315789473684,1.4736842105263157,1.263157894736842,1.0833333333333335
69,Liverpool,2015/2016,1.736842105263158,1.6842105263157894,1.263157894736842,0.05263157894736842,10.157894736842104,7.631578947368421,60.47719298245614,9.947368421052632,7.473684210526316,0.0,1.5789473684210527,1.4736842105263157,2.1052631578947367,0.10526315789473684,7.157894736842105,5.2631578947368425,53.61283471837489,12.68421052631579,6.473684210526316,0.0,1.6578947368421053,1.1578947368421053,1.4736842105263157,1.3157894736842106,1.26
70,Manchester City,2008/2009,2.1052631578947367,2.0526315789473686,0.7368421052631579,0.05263157894736842,6.421052631578948,6.526315789473684,53.2640350877193,11.842105263157896,6.052631578947368,0.15789473684210525,0.9473684210526315,0.5789473684210527,1.9473684210526316,0.0,6.157894736842105,5.7894736842105265,49.44736842105263,12.947368421052632,4.7894736842105265,0.0,1.526315789473684,0.9473684210526315,1.6842105263157894,1.3157894736842104,1.16
71,Manchester City,2009/2010,2.1578947368421053,2.1052631578947367,1.105263157894737,0.0,6.157894736842105,6.473684210526316,53.47105263157895,10.842105263157896,7.473684210526316,0.0,1.6842105263157894,1.4210526315789473,1.5263157894736843,0.10526315789473684,5.315789473684211,4.631578947368421,51.64473684210526,10.526315789473685,4.631578947368421,0.0,1.9210526315789473,1.0526315789473684,1.3157894736842106,1.1842105263157894,1.6222222222222222
72,Manchester City,2010/2011,1.7894736842105263,2.263157894736842,1.5789473684210527,0.10526315789473684,8.473684210526315,6.473684210526316,53.065162907268174,11.263157894736842,7.052631578947368,0.05263157894736842,1.368421052631579,1.4736842105263157,2.263157894736842,0.0,5.315789473684211,5.631578947368421,49.72105263157894,12.631578947368421,4.7368421052631575,0.10526315789473684,1.5789473684210527,0.631578947368421,1.105263157894737,0.868421052631579,1.8181818181818181
73,Manchester City,2011/2012,2.8947368421052633,2.8947368421052633,0.9473684210526315,0.05263157894736842,8.789473684210526,8.736842105263158,58.71929824561404,9.736842105263158,8.105263157894736,0.05263157894736842,2.0,1.7894736842105263,1.894736842105263,0.15789473684210525,7.421052631578948,7.842105263157895,52.2780701754386,11.263157894736842,6.052631578947368,0.0,2.447368421052632,0.631578947368421,0.8947368421052632,0.763157894736842,3.206896551724139
74,Manchester City,2012/2013,2.1578947368421053,2.3684210526315788,1.4736842105263157,0.0,7.0,7.578947368421052,55.304511278195484,11.052631578947368,7.473684210526316,0.0,1.3157894736842106,1.736842105263158,1.8421052631578947,0.0,8.210526315789474,6.947368421052632,54.76315789473684,12.473684210526315,6.631578947368421,0.15789473684210525,1.736842105263158,0.7894736842105263,1.0,0.8947368421052632,1.9411764705882353
75,Manchester City,2013/2014,3.3157894736842106,2.736842105263158,1.736842105263158,0.0,7.947368421052632,8.631578947368421,60.29736842105264,9.736842105263158,8.105263157894736,0.0,2.0526315789473686,1.7894736842105263,2.0526315789473686,0.0,6.421052631578948,6.631578947368421,55.90350877192983,11.052631578947368,6.684210526315789,0.05263157894736842,2.6842105263157894,0.6842105263157895,1.263157894736842,0.9736842105263157,2.756756756756757
76,Manchester City,2014/2015,2.3157894736842106,2.3684210526315788,1.894736842105263,0.05263157894736842,9.368421052631579,6.7894736842105265,63.11842105263158,12.263157894736842,8.947368421052632,0.0,2.0526315789473686,1.7894736842105263,2.263157894736842,0.05263157894736842,6.894736842105263,7.052631578947368,58.26315789473684,11.052631578947368,5.631578947368421,0.0,2.1842105263157894,0.7368421052631579,1.263157894736842,1.0,2.1842105263157894
77,Manchester City,2015/2016,2.473684210526316,2.0,1.3157894736842106,0.0,7.473684210526316,7.421052631578948,58.66678978147121,10.526315789473685,8.157894736842104,0.0,1.263157894736842,1.4736842105263157,1.894736842105263,0.0,7.421052631578948,5.526315789473684,55.44385964912281,11.157894736842104,5.368421052631579,0.0,1.868421052631579,1.105263157894737,1.0526315789473684,1.0789473684210527,1.7317073170731707
78,Manchester United,2008/2009,2.263157894736842,2.6315789473684212,1.263157894736842,0.0,9.157894736842104,8.31578947368421,58.22105263157895,11.473684210526315,7.421052631578948,0.05263157894736842,1.3157894736842106,2.1052631578947367,2.1052631578947367,0.15789473684210525,7.421052631578948,7.0,54.54511278195489,11.0,6.157894736842105,0.05263157894736842,1.7894736842105263,0.6842105263157895,0.5789473684210527,0.631578947368421,2.8333333333333335
79,Manchester United,2009/2010,2.736842105263158,2.5789473684210527,1.1578947368421053,0.0,9.210526315789474,8.263157894736842,58.0921052631579,10.263157894736842,8.631578947368421,0.0,1.7894736842105263,1.894736842105263,1.4210526315789473,0.15789473684210525,6.578947368421052,6.526315789473684,53.73947368421052,11.526315789473685,6.526315789473684,0.0,2.263157894736842,0.631578947368421,0.8421052631578947,0.7368421052631579,3.0714285714285716
80,Manchester United,2010/2011,2.5789473684210527,2.8947368421052633,0.8421052631578947,0.0,7.315789473684211,8.157894736842104,56.35087719298246,9.631578947368421,6.631578947368421,0.05263157894736842,1.5263157894736843,1.3157894736842106,2.210526315789474,0.10526315789473684,6.052631578947368,6.894736842105263,53.54385964912281,11.736842105263158,6.2631578947368425,0.0,2.0526315789473686,0.631578947368421,1.3157894736842106,0.9736842105263158,2.1081081081081083
81,Manchester United,2011/2012,2.736842105263158,2.473684210526316,1.3157894736842106,0.0,10.052631578947368,8.894736842105264,59.625438596491236,10.105263157894736,8.947368421052632,0.05263157894736842,1.9473684210526316,2.210526315789474,1.3157894736842106,0.0,6.2631578947368425,5.2105263157894735,53.863157894736844,10.263157894736842,5.7894736842105265,0.0,2.3421052631578947,1.0,0.7368421052631579,0.868421052631579,2.696969696969697
82,Manchester United,2012/2013,2.3684210526315788,2.526315789473684,1.2105263157894737,0.0,5.894736842105263,7.421052631578948,57.55087719298245,9.578947368421053,6.0,0.05263157894736842,2.1578947368421053,2.1578947368421053,1.7894736842105263,0.0,6.0,5.842105263157895,53.45977443609022,9.421052631578947,5.368421052631579,0.0,2.263157894736842,1.0,1.263157894736842,1.131578947368421,2.0
83,Manchester United,2013/2014,1.5263157894736843,1.5789473684210527,1.3157894736842106,0.05263157894736842,7.2631578947368425,6.842105263157895,56.74122807017543,9.842105263157896,6.2105263157894735,0.0,1.8421052631578947,1.7894736842105263,2.263157894736842,0.05263157894736842,4.0,5.105263157894737,55.03508771929824,11.0,5.052631578947368,0.05263157894736842,1.6842105263157894,1.105263157894737,1.1578947368421053,1.1315789473684212,1.4883720930232556
84,Manchester United,2014/2015,2.1578947368421053,2.3157894736842106,1.631578947368421,0.0,5.894736842105263,5.842105263157895,63.85087719298246,11.736842105263158,5.684210526315789,0.05263157894736842,1.105263157894737,1.368421052631579,1.8421052631578947,0.10526315789473684,5.7894736842105265,5.052631578947368,59.03508771929825,12.473684210526315,5.473684210526316,0.10526315789473684,1.6315789473684212,0.7894736842105263,1.1578947368421053,0.9736842105263158,1.6756756756756759
85,Manchester United,2015/2016,1.4210526315789473,2.1578947368421053,1.5263157894736843,0.0,6.842105263157895,5.0,60.928008618036316,12.0,6.157894736842105,0.0,1.1578947368421053,1.3157894736842106,1.9473684210526316,0.05263157894736842,4.894736842105263,3.789473684210526,57.31370091896408,12.842105263157896,5.842105263157895,0.0,1.2894736842105263,0.47368421052631576,1.368421052631579,0.9210526315789473,1.4000000000000001
86,Middlesbrough,2008/2009,0.9444444444444444,1.3333333333333333,1.6111111111111112,0.05555555555555555,6.555555555555555,5.777777777777778,49.22089947089947,11.277777777777779,5.111111111111111,0.0,0.5555555555555556,0.4444444444444444,1.2777777777777777,0.0,4.555555555555555,5.944444444444445,46.13425925925927,11.88888888888889,3.5,0.1111111111111111,0.75,1.0555555555555556,1.9444444444444444,1.5,0.5
87,Newcastle United,2008/2009,1.263157894736842,1.1578947368421053,1.105263157894737,0.0,5.0,5.631578947368421,49.5,10.789473684210526,4.947368421052632,0.21052631578947367,0.8421052631578947,0.631578947368421,2.0526315789473686,0.10526315789473684,4.473684210526316,4.684210526315789,47.53421052631579,11.947368421052632,3.736842105263158,0.10526315789473684,1.0526315789473684,1.5263157894736843,1.5789473684210527,1.5526315789473686,0.6779661016949151
88,Newcastle United,2010/2011,2.1578947368421053,1.368421052631579,1.6842105263157894,0.0,6.526315789473684,6.105263157894737,55.28947368421053,12.157894736842104,5.473684210526316,0.05263157894736842,0.7894736842105263,1.0526315789473684,2.3684210526315788,0.0,5.052631578947368,4.7368421052631575,49.39561403508772,11.789473684210526,5.157894736842105,0.05263157894736842,1.473684210526316,1.4210526315789473,1.5789473684210527,1.5,0.9824561403508772
89,Newcastle United,2011/2012,1.5263157894736843,2.0,1.631578947368421,0.0,6.2631578947368425,6.368421052631579,52.328947368421055,9.526315789473685,5.526315789473684,0.0,1.4210526315789473,1.4210526315789473,1.894736842105263,0.05263157894736842,4.052631578947368,4.2105263157894735,46.25233918128655,10.789473684210526,3.3684210526315788,0.05263157894736842,1.473684210526316,0.8947368421052632,1.7894736842105263,1.3421052631578947,1.0980392156862746
90,Newcastle United,2012/2013,1.263157894736842,1.4736842105263157,1.9473684210526316,0.05263157894736842,6.473684210526316,7.526315789473684,51.24736842105263,10.947368421052632,7.105263157894737,0.0,1.105263157894737,0.6842105263157895,1.894736842105263,0.05263157894736842,4.473684210526316,5.0,47.50921052631579,11.789473684210526,3.3684210526315788,0.10526315789473684,1.1842105263157894,1.631578947368421,1.9473684210526316,1.7894736842105263,0.6617647058823529
91,Newcastle United,2013/2014,1.2105263157894737,1.4210526315789473,1.1578947368421053,0.0,7.684210526315789,8.105263157894736,50.98070175438596,10.421052631578947,6.421052631578948,0.05263157894736842,1.0526315789473684,1.1578947368421053,1.631578947368421,0.05263157894736842,6.526315789473684,4.947368421052632,47.70789473684211,10.789473684210526,3.526315789473684,0.21052631578947367,1.131578947368421,1.4736842105263157,1.631578947368421,1.5526315789473684,0.728813559322034
92,Newcastle United,2014/2015,1.368421052631579,1.368421052631579,1.7894736842105263,0.05263157894736842,5.7368421052631575,6.052631578947368,49.26578947368421,11.105263157894736,6.842105263157895,0.0,0.7368421052631579,0.6842105263157895,1.9473684210526316,0.2631578947368421,4.473684210526316,4.7368421052631575,45.45488721804511,11.894736842105264,4.842105263157895,0.05263157894736842,1.0526315789473684,1.4210526315789473,1.894736842105263,1.6578947368421053,0.6349206349206349
93,Newcastle United,2015/2016,1.6842105263157894,1.4736842105263157,1.9473684210526316,0.0,6.105263157894737,4.526315789473684,47.93499538319483,10.842105263157896,4.157894736842105,0.10526315789473684,0.631578947368421,0.47368421052631576,1.2105263157894737,0.05263157894736842,4.368421052631579,3.736842105263158,45.577485380116954,11.31578947368421,4.368421052631579,0.10526315789473684,1.1578947368421053,1.263157894736842,2.1578947368421053,1.7105263157894737,0.676923076923077
94,Norwich City,2011/2012,1.4736842105263157,1.4210526315789473,1.3157894736842106,0.05263157894736842,6.421052631578948,6.105263157894737,48.926315789473676,8.947368421052632,4.105263157894737,0.05263157894736842,1.263157894736842,1.0526315789473684,1.6842105263157894,0.0,5.052631578947368,5.631578947368421,45.776315789473685,11.210526315789474,4.526315789473684,0.05263157894736842,1.3684210526315788,1.5789473684210527,1.894736842105263,1.736842105263158,0.7878787878787877
95,Norwich City,2012/2013,1.3157894736842106,1.631578947368421,1.736842105263158,0.0,5.368421052631579,5.421052631578948,47.74122807017544,9.894736842105264,4.7368421052631575,0.0,0.8421052631578947,0.6842105263157895,1.4210526315789473,0.0,4.2631578947368425,4.894736842105263,46.25551378446116,10.052631578947368,4.315789473684211,0.05263157894736842,1.0789473684210527,1.0526315789473684,2.0,1.526315789473684,0.706896551724138
96,Norwich City,2013/2014,0.8947368421052632,1.263157894736842,1.368421052631579,0.0,6.2631578947368425,6.7368421052631575,48.26842105263158,11.263157894736842,6.368421052631579,0.05263157894736842,0.5789473684210527,0.47368421052631576,1.9473684210526316,0.05263157894736842,5.157894736842105,4.578947368421052,41.860651629072684,10.68421052631579,3.9473684210526314,0.0,0.736842105263158,0.9473684210526315,2.3157894736842106,1.631578947368421,0.4516129032258065
97,Norwich City,2015/2016,1.368421052631579,1.2105263157894737,1.5263157894736843,0.0,4.2105263157894735,6.368421052631579,46.94624060150376,10.631578947368421,5.684210526315789,0.0,0.6842105263157895,0.5789473684210527,1.736842105263158,0.05263157894736842,4.7894736842105265,4.157894736842105,43.20124653739612,11.421052631578947,4.2105263157894735,0.10526315789473684,1.0263157894736843,1.5789473684210527,1.9473684210526316,1.763157894736842,0.582089552238806
98,Portsmouth,2008/2009,1.3333333333333333,1.3333333333333333,1.5555555555555556,0.1111111111111111,6.777777777777778,7.388888888888889,49.60648148148148,11.11111111111111,6.5,0.05555555555555555,0.631578947368421,0.7368421052631579,1.6842105263157894,0.10526315789473684,3.6842105263157894,4.7894736842105265,45.84649122807018,12.421052631578947,3.9473684210526314,0.0,0.9824561403508771,1.5555555555555556,1.4736842105263157,1.5146198830409356,0.6486486486486486
99,Portsmouth,2009/2010,1.263157894736842,0.9473684210526315,1.894736842105263,0.10526315789473684,6.421052631578948,6.7368421052631575,48.56578947368421,11.052631578947368,5.894736842105263,0.05263157894736842,0.5263157894736842,0.5263157894736842,1.6842105263157894,0.05263157894736842,4.842105263157895,4.894736842105263,45.38157894736842,13.368421052631579,4.105263157894737,0.0,0.894736842105263,1.6842105263157894,1.7894736842105263,1.736842105263158,0.515151515151515
100,Queens Park Rangers,2011/2012,1.263157894736842,1.368421052631579,1.4736842105263157,0.15789473684210525,6.157894736842105,7.157894736842105,48.44122807017544,11.263157894736842,5.368421052631579,0.15789473684210525,1.0,0.5789473684210527,1.4210526315789473,0.0,5.157894736842105,5.842105263157895,43.207393483709275,9.736842105263158,4.7894736842105265,0.15789473684210525,1.131578947368421,1.3157894736842106,2.1578947368421053,1.736842105263158,0.6515151515151515
101,Queens Park Rangers,2012/2013,0.6842105263157895,0.7368421052631579,1.2105263157894737,0.05263157894736842,5.842105263157895,7.631578947368421,48.00087719298246,9.894736842105264,4.684210526315789,0.05263157894736842,0.8947368421052632,0.5789473684210527,1.9473684210526316,0.0,5.2105263157894735,5.0,44.54548872180451,10.894736842105264,4.2631578947368425,0.05263157894736842,0.7894736842105263,1.4736842105263157,1.6842105263157894,1.5789473684210527,0.5
102,Queens Park Rangers,2014/2015,1.2105263157894737,1.2105263157894737,1.9473684210526316,0.05263157894736842,7.894736842105263,5.947368421052632,46.732456140350884,11.578947368421053,5.0,0.0,1.0,0.3684210526315789,2.1052631578947367,0.05263157894736842,4.578947368421052,5.2631578947368425,43.329824561403505,11.947368421052632,4.421052631578948,0.05263157894736842,1.1052631578947367,1.263157894736842,2.5789473684210527,1.9210526315789473,0.5753424657534246
103,Reading,2012/2013,1.2105263157894737,1.0526315789473684,1.105263157894737,0.0,3.0526315789473686,4.7368421052631575,43.43728070175439,9.473684210526315,5.368421052631579,0.05263157894736842,1.0526315789473684,0.42105263157894735,1.263157894736842,0.0,4.684210526315789,5.157894736842105,44.689473684210526,10.31578947368421,4.578947368421052,0.0,1.131578947368421,1.736842105263158,2.1052631578947367,1.9210526315789473,0.589041095890411
104,Southampton,2012/2013,1.368421052631579,1.3157894736842106,1.2105263157894737,0.0,6.7894736842105265,6.7368421052631575,51.99987468671679,10.578947368421053,5.947368421052632,0.10526315789473684,1.2105263157894737,0.8421052631578947,1.0526315789473684,0.0,4.947368421052632,5.578947368421052,47.50350877192982,9.947368421052632,5.052631578947368,0.0,1.2894736842105263,1.263157894736842,1.894736842105263,1.5789473684210527,0.8166666666666667
105,Southampton,2013/2014,1.6842105263157894,1.5789473684210527,1.263157894736842,0.0,6.842105263157895,6.894736842105263,60.95526315789474,10.157894736842104,6.052631578947368,0.0,1.1578947368421053,1.368421052631579,1.9473684210526316,0.0,5.947368421052632,5.2105263157894735,59.034210526315796,12.68421052631579,4.947368421052632,0.0,1.4210526315789473,1.2105263157894737,1.2105263157894737,1.2105263157894737,1.1739130434782608
106,Southampton,2014/2015,1.9473684210526316,1.9473684210526316,1.263157894736842,0.05263157894736842,6.2631578947368425,6.157894736842105,53.0921052631579,12.157894736842104,6.2105263157894735,0.05263157894736842,0.8947368421052632,1.2105263157894737,1.7894736842105263,0.0,4.7368421052631575,5.368421052631579,52.666666666666664,12.578947368421053,4.7368421052631575,0.05263157894736842,1.4210526315789473,0.6842105263157895,1.0526315789473684,0.868421052631579,1.6363636363636362
107,Southampton,2015/2016,2.0526315789473686,1.894736842105263,1.4736842105263157,0.05263157894736842,5.842105263157895,7.052631578947368,50.454032009849186,10.157894736842104,6.0,0.10526315789473684,1.0526315789473684,1.4210526315789473,1.6842105263157894,0.10526315789473684,5.631578947368421,5.368421052631579,48.42669172932331,12.105263157894736,5.578947368421052,0.05263157894736842,1.5526315789473686,1.1578947368421053,1.0,1.0789473684210527,1.4390243902439026
108,Stoke City,2008/2009,1.1578947368421053,1.8421052631578947,2.1052631578947367,0.05263157894736842,3.9473684210526314,5.2105263157894735,47.56578947368421,12.263157894736842,5.052631578947368,0.05263157894736842,0.8421052631578947,0.5263157894736842,1.7894736842105263,0.0,2.210526315789474,4.7368421052631575,43.18421052631579,14.105263157894736,4.0,0.15789473684210525,1.0,0.7894736842105263,2.1052631578947367,1.4473684210526314,0.690909090909091
109,Stoke City,2009/2010,1.263157894736842,1.4210526315789473,1.5263157894736843,0.05263157894736842,3.789473684210526,5.2631578947368425,49.88157894736842,12.157894736842104,5.631578947368421,0.10526315789473684,0.5263157894736842,1.0526315789473684,1.631578947368421,0.10526315789473684,4.105263157894737,4.315789473684211,45.73245614035088,11.0,3.6842105263157894,0.0,0.894736842105263,1.105263157894737,1.4210526315789473,1.263157894736842,0.7083333333333333
110,Stoke City,2010/2011,1.631578947368421,1.7894736842105263,1.5789473684210527,0.0,6.105263157894737,7.315789473684211,48.02134502923977,10.263157894736842,6.052631578947368,0.0,0.7894736842105263,0.631578947368421,2.1052631578947367,0.05263157894736842,3.3684210526315788,4.421052631578948,43.93245614035088,11.105263157894736,4.0,0.05263157894736842,1.2105263157894737,0.9473684210526315,1.5789473684210527,1.263157894736842,0.9583333333333334
111,Stoke City,2011/2012,1.3157894736842106,1.5263157894736843,1.2105263157894737,0.0,4.105263157894737,5.631578947368421,49.42982456140351,10.578947368421053,5.578947368421052,0.05263157894736842,0.5789473684210527,0.8421052631578947,1.8421052631578947,0.0,2.8947368421052633,4.684210526315789,41.83070175438596,12.052631578947368,3.210526315789474,0.05263157894736842,0.9473684210526316,1.0526315789473684,1.736842105263158,1.3947368421052633,0.6792452830188679
112,Stoke City,2012/2013,1.105263157894737,1.4736842105263157,1.7894736842105263,0.05263157894736842,5.315789473684211,5.421052631578948,47.785964912280704,12.052631578947368,5.105263157894737,0.05263157894736842,0.6842105263157895,0.7368421052631579,2.4210526315789473,0.10526315789473684,3.6842105263157894,4.157894736842105,42.3219298245614,12.210526315789474,3.526315789473684,0.0,0.8947368421052633,1.1578947368421053,1.2105263157894737,1.1842105263157894,0.7555555555555558
113,Stoke City,2013/2014,1.4210526315789473,1.894736842105263,1.9473684210526316,0.05263157894736842,5.315789473684211,5.631578947368421,50.276315789473685,11.894736842105264,4.842105263157895,0.0,0.9473684210526315,0.7368421052631579,2.0,0.10526315789473684,4.2105263157894735,4.052631578947368,46.87456140350877,13.105263157894736,3.736842105263158,0.10526315789473684,1.1842105263157894,0.8947368421052632,1.8421052631578947,1.368421052631579,0.8653846153846153
114,Stoke City,2014/2015,1.6842105263157894,1.736842105263158,1.736842105263158,0.0,6.315789473684211,7.0,51.70175438596491,12.210526315789474,6.052631578947368,0.0,0.8421052631578947,1.105263157894737,2.6315789473684212,0.05263157894736842,4.473684210526316,4.157894736842105,48.03508771929825,13.105263157894736,4.2105263157894735,0.0,1.263157894736842,1.1578947368421053,1.2105263157894737,1.1842105263157894,1.0666666666666667
115,Stoke City,2015/2016,1.1578947368421053,1.4736842105263157,1.263157894736842,0.0,4.368421052631579,5.7368421052631575,52.48529657477026,9.842105263157896,4.631578947368421,0.10526315789473684,1.0,1.2105263157894737,1.4736842105263157,0.05263157894736842,4.2105263157894735,4.631578947368421,47.386842105263156,12.31578947368421,3.4210526315789473,0.05263157894736842,1.0789473684210527,1.263157894736842,1.631578947368421,1.4473684210526314,0.7454545454545456
116,Sunderland,2008/2009,1.105263157894737,1.105263157894737,1.8421052631578947,0.0,5.7894736842105265,5.526315789473684,48.709649122807015,10.263157894736842,4.473684210526316,0.0,0.6842105263157895,0.7894736842105263,1.7894736842105263,0.0,4.2631578947368425,5.157894736842105,45.4078947368421,9.947368421052632,4.473684210526316,0.05263157894736842,0.8947368421052633,1.3157894736842106,1.5263157894736843,1.4210526315789473,0.6296296296296298
117,Sunderland,2009/2010,1.6842105263157894,1.7894736842105263,2.1052631578947367,0.05263157894736842,5.631578947368421,4.7368421052631575,49.67543859649123,13.31578947368421,4.473684210526316,0.05263157894736842,0.8421052631578947,0.5263157894736842,2.1052631578947367,0.21052631578947367,4.157894736842105,4.631578947368421,48.0,12.894736842105264,4.894736842105263,0.10526315789473684,1.263157894736842,1.0,1.9473684210526316,1.473684210526316,0.857142857142857
118,Sunderland,2010/2011,1.3157894736842106,1.368421052631579,1.3157894736842106,0.05263157894736842,5.526315789473684,6.894736842105263,50.215789473684204,9.157894736842104,5.052631578947368,0.05263157894736842,1.0526315789473684,1.105263157894737,1.8421052631578947,0.10526315789473684,4.684210526315789,6.157894736842105,47.47055137844612,11.894736842105264,4.473684210526316,0.05263157894736842,1.1842105263157894,1.4210526315789473,1.5263157894736843,1.473684210526316,0.8035714285714284
119,Sunderland,2011/2012,1.368421052631579,1.4736842105263157,1.4210526315789473,0.05263157894736842,5.315789473684211,6.0,49.349999999999994,9.157894736842104,5.368421052631579,0.0,1.0,0.8947368421052632,1.736842105263158,0.05263157894736842,4.473684210526316,4.947368421052632,46.75,10.31578947368421,3.9473684210526314,0.10526315789473684,1.1842105263157894,0.8947368421052632,1.5263157894736843,1.2105263157894737,0.9782608695652173
120,Sunderland,2012/2013,1.0526315789473684,1.2105263157894737,1.3157894736842106,0.0,4.526315789473684,6.105263157894737,48.34078947368421,11.052631578947368,5.421052631578948,0.05263157894736842,1.105263157894737,0.8421052631578947,1.9473684210526316,0.05263157894736842,4.315789473684211,3.473684210526316,44.83157894736842,11.157894736842104,4.0,0.05263157894736842,1.0789473684210527,1.0,1.8421052631578947,1.4210526315789473,0.7592592592592593
121,Sunderland,2013/2014,1.105263157894737,0.9473684210526315,2.0526315789473686,0.0,6.894736842105263,6.842105263157895,49.727192982456145,11.947368421052632,5.578947368421052,0.10526315789473684,1.0526315789473684,1.0526315789473684,1.5789473684210527,0.05263157894736842,4.105263157894737,5.0,43.76052631578947,10.842105263157896,4.2631578947368425,0.21052631578947367,1.0789473684210527,1.4210526315789473,1.736842105263158,1.5789473684210527,0.6833333333333333
122,Sunderland,2014/2015,0.8421052631578947,1.0526315789473684,2.4210526315789473,0.05263157894736842,5.368421052631579,4.684210526315789,45.78508771929825,11.842105263157896,5.894736842105263,0.0,0.7894736842105263,0.9473684210526315,2.526315789473684,0.0,4.421052631578948,4.105263157894737,43.421052631578945,11.31578947368421,3.8421052631578947,0.05263157894736842,0.8157894736842105,1.4210526315789473,1.368421052631579,1.3947368421052633,0.5849056603773585
123,Sunderland,2015/2016,1.2105263157894737,1.263157894736842,1.5789473684210527,0.05263157894736842,5.421052631578948,6.105263157894737,42.3059402893198,9.789473684210526,4.842105263157895,0.0,1.3157894736842106,0.7894736842105263,1.894736842105263,0.05263157894736842,4.157894736842105,4.473684210526316,39.42602339181287,11.578947368421053,3.210526315789474,0.0,1.263157894736842,1.0526315789473684,2.210526315789474,1.6315789473684212,0.7741935483870966
124,Swansea City,2011/2012,1.4210526315789473,1.631578947368421,1.105263157894737,0.0,5.631578947368421,5.684210526315789,59.24586466165414,8.210526315789474,5.947368421052632,0.0,0.8947368421052632,0.8421052631578947,1.0,0.05263157894736842,5.0,5.0,52.166666666666664,7.315789473684211,4.842105263157895,0.05263157894736842,1.1578947368421053,0.9473684210526315,1.736842105263158,1.3421052631578947,0.8627450980392157
125,Swansea City,2012/2013,1.4736842105263157,1.368421052631579,1.368421052631579,0.05263157894736842,6.2105263157894735,7.2105263157894735,57.13157894736842,9.947368421052632,6.157894736842105,0.05263157894736842,1.0,1.0526315789473684,1.736842105263158,0.0,4.421052631578948,4.473684210526316,50.414912280701756,9.789473684210526,3.8947368421052633,0.0,1.236842105263158,1.368421052631579,1.3157894736842106,1.3421052631578947,0.9215686274509804
126,Swansea City,2013/2014,1.736842105263158,1.2105263157894737,1.5263157894736843,0.05263157894736842,6.2105263157894735,5.315789473684211,58.018421052631574,9.263157894736842,6.315789473684211,0.05263157894736842,1.105263157894737,1.0,1.4736842105263157,0.0,5.526315789473684,5.2631578947368425,55.258771929824555,10.105263157894736,5.578947368421052,0.05263157894736842,1.4210526315789473,1.368421052631579,1.4736842105263157,1.4210526315789473,1.0
127,Swansea City,2014/2015,1.4210526315789473,1.6842105263157894,1.368421052631579,0.05263157894736842,5.526315789473684,4.842105263157895,54.352130325814535,10.210526315789474,4.368421052631579,0.0,1.0,1.263157894736842,1.3157894736842106,0.10526315789473684,4.368421052631579,4.421052631578948,47.82017543859649,10.789473684210526,3.5789473684210527,0.10526315789473684,1.2105263157894737,1.1578947368421053,1.4210526315789473,1.2894736842105263,0.9387755102040816
128,Swansea City,2015/2016,1.0526315789473684,1.5789473684210527,1.736842105263158,0.0,5.631578947368421,5.157894736842105,54.39501385041551,9.105263157894736,4.052631578947368,0.05263157894736842,1.1578947368421053,0.8947368421052632,1.4210526315789473,0.0,5.421052631578948,4.578947368421052,50.59649122807017,11.578947368421053,4.526315789473684,0.0,1.1052631578947367,1.0526315789473684,1.6842105263157894,1.3684210526315788,0.8076923076923077
129,Tottenham Hotspur,2008/2009,1.105263157894737,1.8421052631578947,1.105263157894737,0.0,9.263157894736842,7.7368421052631575,52.98421052631579,11.578947368421053,6.473684210526316,0.0,1.263157894736842,0.8421052631578947,1.8421052631578947,0.05263157894736842,4.842105263157895,4.0,50.76052631578948,11.31578947368421,5.105263157894737,0.21052631578947367,1.1842105263157894,0.5263157894736842,1.8421052631578947,1.1842105263157894,1.0
130,Tottenham Hotspur,2009/2010,2.1052631578947367,2.3157894736842106,1.3157894736842106,0.0,9.052631578947368,7.526315789473684,55.1578947368421,9.105263157894736,7.0,0.0,1.4210526315789473,1.368421052631579,1.5789473684210527,0.0,6.684210526315789,5.7368421052631575,49.5921052631579,11.894736842105264,5.2105263157894735,0.05263157894736842,1.763157894736842,0.631578947368421,1.5263157894736843,1.0789473684210527,1.6341463414634145
131,Tottenham Hotspur,2010/2011,1.5789473684210527,1.894736842105263,1.4210526315789473,0.0,9.578947368421053,8.263157894736842,54.372807017543856,9.842105263157896,8.210526315789474,0.05263157894736842,1.3157894736842106,1.368421052631579,1.2105263157894737,0.0,6.368421052631579,6.7368421052631575,49.45,10.473684210526315,5.2631578947368425,0.05263157894736842,1.4473684210526316,1.0,1.4210526315789473,1.2105263157894737,1.1956521739130435
132,Tottenham Hotspur,2011/2012,2.0526315789473686,2.210526315789474,0.7894736842105263,0.0,8.842105263157896,9.0,57.01315789473684,9.263157894736842,7.684210526315789,0.0,1.4210526315789473,1.4210526315789473,1.5789473684210527,0.10526315789473684,7.2631578947368425,7.105263157894737,52.45789473684211,10.210526315789474,7.105263157894737,0.05263157894736842,1.736842105263158,0.8947368421052632,1.263157894736842,1.0789473684210527,1.6097560975609757
133,Tottenham Hotspur,2012/2013,1.5263157894736843,2.0,1.3157894736842106,0.0,9.31578947368421,8.31578947368421,54.57694235588973,9.368421052631579,7.315789473684211,0.05263157894736842,1.9473684210526316,1.7894736842105263,1.5263157894736843,0.0,6.421052631578948,6.842105263157895,52.221052631578935,10.105263157894736,6.315789473684211,0.05263157894736842,1.736842105263158,0.9473684210526315,1.4736842105263157,1.2105263157894737,1.4347826086956523
134,Tottenham Hotspur,2013/2014,1.5789473684210527,1.894736842105263,1.631578947368421,0.0,6.842105263157895,7.0,57.37280701754387,10.157894736842104,6.368421052631579,0.10526315789473684,1.3157894736842106,1.736842105263158,1.8421052631578947,0.0,7.2105263157894735,5.894736842105263,54.47719298245614,10.789473684210526,5.7894736842105265,0.10526315789473684,1.4473684210526316,1.2105263157894737,1.4736842105263157,1.3421052631578947,1.0784313725490198
135,Tottenham Hotspur,2014/2015,1.631578947368421,1.736842105263158,1.9473684210526316,0.0,6.684210526315789,6.684210526315789,59.26315789473684,11.368421052631579,6.631578947368421,0.05263157894736842,1.4210526315789473,1.631578947368421,2.263157894736842,0.05263157894736842,6.526315789473684,4.473684210526316,56.31578947368421,11.68421052631579,5.157894736842105,0.10526315789473684,1.526315789473684,1.263157894736842,1.5263157894736843,1.3947368421052633,1.0943396226415092
136,Tottenham Hotspur,2015/2016,1.8421052631578947,1.894736842105263,1.5789473684210527,0.0,10.421052631578947,7.052631578947368,59.60989974937344,11.578947368421053,7.473684210526316,0.0,1.7894736842105263,1.7894736842105263,2.210526315789474,0.0,6.842105263157895,6.526315789473684,57.870036934441366,12.473684210526315,5.894736842105263,0.0,1.8157894736842106,0.7894736842105263,1.0526315789473684,0.9210526315789473,1.9714285714285715
137,Watford,2015/2016,1.0526315789473684,1.263157894736842,2.0,0.0,6.315789473684211,5.368421052631579,47.64941520467836,10.894736842105264,5.0,0.10526315789473684,1.0526315789473684,1.105263157894737,1.9473684210526316,0.05263157894736842,5.157894736842105,4.2631578947368425,41.090935672514625,12.947368421052632,3.6315789473684212,0.0,1.0526315789473684,1.0,1.631578947368421,1.3157894736842106,0.7999999999999999
138,West Bromwich Albion,2008/2009,1.368421052631579,1.263157894736842,2.0,0.0,6.368421052631579,6.842105263157895,48.63157894736842,11.894736842105264,6.2105263157894735,0.05263157894736842,0.5,0.2777777777777778,1.3888888888888888,0.0,5.944444444444445,6.0,45.33518518518519,11.944444444444445,5.722222222222222,0.0,0.9342105263157895,1.736842105263158,1.8888888888888888,1.8128654970760234,0.5153225806451613
139,West Bromwich Albion,2010/2011,1.5789473684210527,1.5789473684210527,1.5789473684210527,0.10526315789473684,6.631578947368421,7.2631578947368425,48.745614035087726,10.210526315789474,5.2631578947368425,0.05263157894736842,1.368421052631579,0.8947368421052632,1.3157894736842106,0.05263157894736842,6.105263157894737,5.842105263157895,46.23684210526316,10.421052631578947,4.7368421052631575,0.15789473684210525,1.473684210526316,1.5789473684210527,2.1578947368421053,1.868421052631579,0.7887323943661972
140,West Bromwich Albion,2011/2012,1.105263157894737,1.105263157894737,0.9473684210526315,0.0,6.631578947368421,6.315789473684211,47.717543859649126,10.526315789473685,6.631578947368421,0.0,1.263157894736842,1.368421052631579,1.5263157894736843,0.05263157894736842,5.421052631578948,5.7368421052631575,43.30263157894737,11.210526315789474,4.473684210526316,0.0,1.1842105263157894,1.1578947368421053,1.5789473684210527,1.368421052631579,0.8653846153846153
141,West Bromwich Albion,2012/2013,1.6842105263157894,1.631578947368421,1.4210526315789473,0.0,5.368421052631579,7.368421052631579,47.78684210526316,10.31578947368421,6.052631578947368,0.05263157894736842,1.105263157894737,0.9473684210526315,1.8421052631578947,0.0,5.052631578947368,4.7368421052631575,44.93245614035087,10.789473684210526,4.473684210526316,0.15789473684210525,1.3947368421052633,1.3157894736842106,1.6842105263157894,1.5,0.9298245614035089
142,West Bromwich Albion,2013/2014,1.263157894736842,1.105263157894737,1.736842105263158,0.0,6.052631578947368,5.684210526315789,46.03859649122808,10.736842105263158,5.421052631578948,0.0,1.0,0.7894736842105263,1.7894736842105263,0.0,5.2105263157894735,5.105263157894737,42.57456140350877,11.842105263157896,4.368421052631579,0.0,1.131578947368421,1.4210526315789473,1.6842105263157894,1.5526315789473684,0.728813559322034
143,West Bromwich Albion,2014/2015,1.263157894736842,1.3157894736842106,1.7894736842105263,0.0,5.7894736842105265,5.105263157894737,47.20614035087719,10.052631578947368,5.157894736842105,0.05263157894736842,0.7368421052631579,1.0,1.5789473684210527,0.0,3.5789473684210527,3.736842105263158,38.75438596491228,12.157894736842104,3.789473684210526,0.10526315789473684,1.0,1.368421052631579,1.3157894736842106,1.3421052631578947,0.7450980392156863
144,West Bromwich Albion,2015/2016,1.0526315789473684,1.2105263157894737,1.3157894736842106,0.0,5.157894736842105,4.947368421052632,42.90087719298245,10.0,5.631578947368421,0.10526315789473684,0.7368421052631579,1.0526315789473684,2.0526315789473686,0.0,3.1578947368421053,4.2105263157894735,35.810403200984915,10.789473684210526,4.2631578947368425,0.05263157894736842,0.894736842105263,1.368421052631579,1.1578947368421053,1.263157894736842,0.7083333333333333
145,West Ham United,2008/2009,1.2105263157894737,1.5263157894736843,1.4736842105263157,0.0,6.894736842105263,6.526315789473684,51.26140350877193,11.736842105263158,5.894736842105263,0.05263157894736842,1.0,1.1578947368421053,2.1052631578947367,0.10526315789473684,5.2631578947368425,4.578947368421052,44.993859649122804,13.736842105263158,4.0,0.05263157894736842,1.1052631578947367,1.1578947368421053,1.2105263157894737,1.1842105263157894,0.9333333333333333
146,West Ham United,2009/2010,1.5789473684210527,1.368421052631579,1.3157894736842106,0.05263157894736842,6.684210526315789,6.157894736842105,51.723684210526315,11.631578947368421,5.105263157894737,0.0,0.8947368421052632,0.47368421052631576,2.0,0.10526315789473684,5.684210526315789,5.315789473684211,46.688596491228076,13.473684210526315,4.2631578947368425,0.0,1.236842105263158,1.5263157894736843,1.9473684210526316,1.736842105263158,0.7121212121212122
147,West Ham United,2010/2011,1.263157894736842,1.0526315789473684,1.2105263157894737,0.0,6.052631578947368,6.7368421052631575,49.737719298245615,10.105263157894736,5.0,0.0,1.0,0.6842105263157895,1.8421052631578947,0.05263157894736842,5.2105263157894735,6.052631578947368,42.61842105263158,11.578947368421053,4.578947368421052,0.0,1.131578947368421,1.631578947368421,2.0526315789473686,1.8421052631578947,0.6142857142857143
148,West Ham United,2012/2013,1.7894736842105263,1.736842105263158,1.3157894736842106,0.0,5.631578947368421,5.7894736842105265,48.18070175438597,10.736842105263158,6.473684210526316,0.05263157894736842,0.5789473684210527,0.6842105263157895,2.526315789473684,0.0,5.0,5.7368421052631575,44.63421052631579,12.157894736842104,4.631578947368421,0.0,1.1842105263157894,1.1578947368421053,1.631578947368421,1.3947368421052633,0.8490566037735847
149,West Ham United,2013/2014,1.3157894736842106,1.263157894736842,1.2105263157894737,0.05263157894736842,4.2631578947368425,5.947368421052632,45.98145363408521,9.421052631578947,5.2105263157894735,0.05263157894736842,0.7894736842105263,0.8421052631578947,2.1578947368421053,0.05263157894736842,3.8421052631578947,4.684210526315789,39.46228070175439,11.052631578947368,4.473684210526316,0.10526315789473684,1.0526315789473686,1.368421052631579,1.3157894736842106,1.3421052631578947,0.7843137254901962
150,West Ham United,2014/2015,1.3157894736842106,1.631578947368421,1.7894736842105263,0.05263157894736842,7.052631578947368,5.157894736842105,48.31578947368421,11.0,6.7894736842105265,0.0,1.0,0.8421052631578947,1.6842105263157894,0.0,5.2105263157894735,4.157894736842105,43.05263157894737,11.894736842105264,5.894736842105263,0.05263157894736842,1.1578947368421053,0.9473684210526315,1.5263157894736843,1.236842105263158,0.9361702127659575
151,West Ham United,2015/2016,1.7894736842105263,1.7894736842105263,1.0526315789473684,0.0,7.052631578947368,7.052631578947368,50.068128654970764,9.842105263157896,6.0,0.15789473684210525,1.631578947368421,1.4736842105263157,1.9473684210526316,0.0,5.2631578947368425,5.7368421052631575,45.533293760717584,10.157894736842104,5.7894736842105265,0.10526315789473684,1.7105263157894737,1.368421052631579,1.3157894736842106,1.3421052631578947,1.2745098039215688
152,Wigan Athletic,2008/2009,0.8947368421052632,1.5263157894736843,1.368421052631579,0.05263157894736842,6.7368421052631575,7.894736842105263,50.386842105263156,11.421052631578947,6.2105263157894735,0.05263157894736842,0.8947368421052632,0.8421052631578947,1.8421052631578947,0.10526315789473684,5.7894736842105265,7.315789473684211,48.92543859649123,12.947368421052632,5.0,0.0,0.8947368421052632,0.9473684210526315,1.4210526315789473,1.1842105263157894,0.7555555555555556
153,Wigan Athletic,2009/2010,1.0,1.3157894736842106,1.368421052631579,0.0,6.947368421052632,7.052631578947368,51.30263157894737,11.263157894736842,5.631578947368421,0.0,0.9473684210526315,0.5789473684210527,1.9473684210526316,0.05263157894736842,5.631578947368421,5.368421052631579,47.10614035087719,12.421052631578947,3.9473684210526314,0.05263157894736842,0.9736842105263157,1.263157894736842,2.8947368421052633,2.0789473684210527,0.4683544303797468
154,Wigan Athletic,2010/2011,1.1578947368421053,1.2105263157894737,1.4210526315789473,0.0,6.842105263157895,6.526315789473684,50.652631578947364,11.157894736842104,4.842105263157895,0.05263157894736842,0.9473684210526315,1.0,2.1578947368421053,0.05263157894736842,4.684210526315789,4.052631578947368,47.6812865497076,12.052631578947368,4.0,0.10526315789473684,1.0526315789473684,1.7894736842105263,1.4210526315789473,1.6052631578947367,0.6557377049180328
155,Wigan Athletic,2011/2012,1.1578947368421053,1.1578947368421053,1.8421052631578947,0.05263157894736842,7.0,6.2631578947368425,50.10225563909774,11.526315789473685,6.947368421052632,0.0,1.0526315789473684,1.105263157894737,1.736842105263158,0.0,4.421052631578948,5.105263157894737,47.358771929824556,11.473684210526315,3.8947368421052633,0.10526315789473684,1.1052631578947367,1.4210526315789473,1.8421052631578947,1.631578947368421,0.6774193548387096
156,Wigan Athletic,2012/2013,1.368421052631579,0.9473684210526315,1.4736842105263157,0.0,5.7894736842105265,6.578947368421052,51.68026315789474,12.105263157894736,6.0,0.0,1.105263157894737,0.9473684210526315,2.0,0.0,6.105263157894737,4.842105263157895,49.37456140350877,10.631578947368421,4.421052631578948,0.10526315789473684,1.236842105263158,2.0526315789473686,1.7894736842105263,1.9210526315789473,0.6438356164383562
157,Wolverhampton Wanderers,2009/2010,0.6842105263157895,1.105263157894737,1.0526315789473684,0.05263157894736842,5.842105263157895,5.526315789473684,49.64473684210526,11.052631578947368,5.2105263157894735,0.0,1.0,0.8947368421052632,1.894736842105263,0.10526315789473684,4.315789473684211,4.0,42.89912280701754,11.736842105263158,5.421052631578948,0.05263157894736842,0.8421052631578947,1.1578947368421053,1.7894736842105263,1.473684210526316,0.5714285714285714
158,Wolverhampton Wanderers,2010/2011,1.5789473684210527,1.4736842105263157,1.4210526315789473,0.0,5.421052631578948,5.842105263157895,52.48684210526316,11.789473684210526,6.947368421052632,0.0,0.8421052631578947,0.631578947368421,1.8421052631578947,0.05263157894736842,4.105263157894737,4.473684210526316,47.56315789473685,12.0,5.473684210526316,0.05263157894736842,1.2105263157894737,1.5789473684210527,1.894736842105263,1.736842105263158,0.6969696969696969
159,Wolverhampton Wanderers,2011/2012,1.0,0.631578947368421,1.5263157894736843,0.05263157894736842,6.473684210526316,6.0,47.3546783625731,8.263157894736842,6.473684210526316,0.10526315789473684,1.105263157894737,0.6842105263157895,1.8421052631578947,0.0,5.2105263157894735,4.526315789473684,45.569298245614036,10.0,4.473684210526316,0.05263157894736842,1.0526315789473686,2.263157894736842,2.0526315789473686,2.1578947368421053,0.48780487804878053
